{
  "configVersion": 1,
  "timestamp": 1757241057476,
  "index": "/index.html",
  "assetGroups": [
    {
      "name": "app",
      "installMode": "prefetch",
      "updateMode": "prefetch",
      "cacheQueryOptions": {
        "ignoreVary": true
      },
      "urls": [
        "/chunk-32FR7I2T.js",
        "/chunk-AIM25542.js",
        "/chunk-HDGSDESE.js",
        "/chunk-IPQIDSFS.js",
        "/chunk-IUYRZFQJ.js",
        "/chunk-K34ZOO5H.js",
        "/chunk-NULH4TFE.js",
        "/chunk-PSGTAFKO.js",
        "/chunk-R7GRDZOW.js",
        "/chunk-RTNWCOYL.js",
        "/chunk-UBB22AGO.js",
        "/chunk-VT7LVN3W.js",
        "/chunk-W5DUZBFO.js",
        "/chunk-WLIJSEUC.js",
        "/chunk-YAAYZMUP.js",
        "/chunk-YJAG7FBE.js",
        "/favicon.ico",
        "/index.html",
        "/main-D6VJOIVU.js",
        "/manifest.webmanifest",
        "/polyfills-B6TNHZQ6.js",
        "/styles-HZSMLFM5.css"
      ],
      "patterns": []
    },
    {
      "name": "assets",
      "installMode": "lazy",
      "updateMode": "prefetch",
      "cacheQueryOptions": {
        "ignoreVary": true
      },
      "urls": [
        "/enjoy.png",
        "/icons/icon-192x192.png",
        "/icons/icon-192x192lsadñlkasd.png",
        "/icons/icon-512x512.png",
        "/icons/icon-512x512231321.png",
        "/images/enjoy.png",
        "/images/no-foto.jpg",
        "/media/bootstrap-icons-CVBWLLHT.woff2",
        "/media/bootstrap-icons-VQNJTM6Q.woff",
        "/media/layers-2x-TBM42ERR.png",
        "/media/layers-55W3Q4RM.png",
        "/media/marker-icon-2V3QKKVC.png"
      ],
      "patterns": []
    }
  ],
  "dataGroups": [],
  "hashTable": {
    "/chunk-32FR7I2T.js": "2afb0abb7541f327bc155b42ef45c7670cdcecb7",
    "/chunk-AIM25542.js": "cde410bbb26b42fef2e726a556db6672c3c3b2e2",
    "/chunk-HDGSDESE.js": "2c3087ebc09d0a6a442cb30f714e23729b66d002",
    "/chunk-IPQIDSFS.js": "5b616db3fa43f3503a77c9a121c332fb9ef883b1",
    "/chunk-IUYRZFQJ.js": "76a07b471214ec50b8bb6369aea116bcec36cbf1",
    "/chunk-K34ZOO5H.js": "c72f653f576788d3be49d93e01d1943b5380594a",
    "/chunk-NULH4TFE.js": "8764c53f18206f5320efcb83189a99405e3c7021",
    "/chunk-PSGTAFKO.js": "621b24b948a203b9b814ba031ee885e30cb4db78",
    "/chunk-R7GRDZOW.js": "65573f19211d35a8500387ae088ff314c5284bc8",
    "/chunk-RTNWCOYL.js": "f50066d35bae376e6bebfc781846cd624cf008c0",
    "/chunk-UBB22AGO.js": "58b31893ddae9f253f155bec6a7c42dbe9250904",
    "/chunk-VT7LVN3W.js": "7e8f6f0889441339322e83741f38ed861a214efa",
    "/chunk-W5DUZBFO.js": "ce78e5780485fdbb2b7c241d3b5e9eb0e298275d",
    "/chunk-WLIJSEUC.js": "185fb0c3830b11b3892ed0136761481c8c804f69",
    "/chunk-YAAYZMUP.js": "d38b135a134e44808528b4cf73f0ab66a14c1018",
    "/chunk-YJAG7FBE.js": "338b42147d70480fd0bb737a0e698e34780c1aa8",
    "/enjoy.png": "4d814f66bad072a921a05b42c227f31aa9504bb2",
    "/favicon.ico": "9c39f434fe1261f68c5e3eefdf734630d99c5670",
    "/icons/icon-192x192.png": "568a23423873c3f6b1dab977a20a6b6599b3729d",
    "/icons/icon-192x192lsadñlkasd.png": "4d814f66bad072a921a05b42c227f31aa9504bb2",
    "/icons/icon-512x512.png": "6c1cfe0782ff87ad94bddb431948a64440752f53",
    "/icons/icon-512x512231321.png": "4d814f66bad072a921a05b42c227f31aa9504bb2",
    "/images/enjoy.png": "4d814f66bad072a921a05b42c227f31aa9504bb2",
    "/images/no-foto.jpg": "3b29d262ae6f6648c2ad4e1fa0eb83a43516facf",
    "/index.html": "52d968a886d104e6a751624607e7765dc30aa8b6",
    "/main-D6VJOIVU.js": "1ceea8608b771beaba03e21bafea124d01eb7b17",
    "/manifest.webmanifest": "99e3d2b809f8ad1f2b8e8dd39246422c32a1f263",
    "/media/bootstrap-icons-CVBWLLHT.woff2": "b441fcff939e24fa0906a37b7788788b9fddbb68",
    "/media/bootstrap-icons-VQNJTM6Q.woff": "762010c79b4a05e1131fc8fb3b1aeff324d8033f",
    "/media/layers-2x-TBM42ERR.png": "152a162333e46d24f9d89f566312fc0c64011dee",
    "/media/layers-55W3Q4RM.png": "c9e7528e491a39232ba24a2706c6c739d6fb0f06",
    "/media/marker-icon-2V3QKKVC.png": "60a90bcbb2b42b7ddb4556db94eb7c1084b0e5da",
    "/polyfills-B6TNHZQ6.js": "bf76ac291d7f51c1139b7edcf86b359a30c08c64",
    "/styles-HZSMLFM5.css": "9f1c8bd5f93d18917312d67c5b681a524485c545"
  },
  "navigationUrls": [
    {
      "positive": true,
      "regex": "^\\/.*$"
    },
    {
      "positive": false,
      "regex": "^\\/(?:.+\\/)?[^/]*\\.[^/]*$"
    },
    {
      "positive": false,
      "regex": "^\\/(?:.+\\/)?[^/]*__[^/]*$"
    },
    {
      "positive": false,
      "regex": "^\\/(?:.+\\/)?[^/]*__[^/]*\\/.*$"
    }
  ],
  "navigationRequestStrategy": "performance"
}